,p-value,chi-square value
0,0.8651666947660301,5.369530430661973
1,0.8679354659374694,5.331868926044706
2,0.6508363921370334,7.774667362145324
3,0.5592680847837108,8.715828905211831
4,0.7219243403200422,7.0372433228554545
5,0.7569775470882205,6.66139729429919
6,0.7925725534853696,6.264506160948326
7,0.8963246043680829,4.9220392680771985
8,0.3920917590388069,10.568696133754111
9,0.990202330061203,2.545083501963533
