,p-value,chi-square value
0,0.16219534202920172,7.893644018722195
1,0.7005296742298806,2.9964727112725162
2,0.6608081924861826,3.2545416744017737
3,0.9884325399921493,0.5905340909477687
4,0.8825560607341346,1.7498855560168476
5,0.038274341897498565,11.756943579313464
6,0.07822952378559156,9.896228789341325
7,0.8391968997899157,2.0712792663735704
8,0.49725959502385353,4.371489155344737
9,0.7410570428981396,2.7330636310396175
