,p-value,chi-square value
0,0.9904158640182342,19.870603941148417
