,p-value,chi-square value
0,0.19048945993148414,7.431285680880988
1,0.4451244157885349,4.765809725268429
2,0.655262572841192,3.2907211097208684
3,0.08273125851116125,9.746946983975285
4,0.4372931479661297,4.827500185621024
5,0.02298265543937872,13.042617171959511
6,0.9790488424751591,0.7676801298253213
7,0.3311555878000789,5.75149287157979
8,0.7178612861646638,2.884017227027701
9,0.526606399085414,4.160079008654176
