,p-value,chi-square value
0,0.11437982158819249,62.26033396767419
1,0.4098342660868154,51.63162125268349
2,0.20876334578917244,57.82249639904853
3,0.7795988659412046,42.07709975296675
4,0.6832910037543665,44.753142597998654
5,0.1946083972527618,58.37893322824099
6,0.11681548091192173,62.1157678507796
7,0.6480929543871545,45.658435683239134
8,0.46119967428107,50.30779103670295
9,0.6174934635883584,46.428392261653045
