,p-value,chi-square value
0,0.07134640261823755,37.22425466197555
1,0.9227164096347522,16.525588214350492
2,0.7821791093211824,20.19598077627081
3,0.6460447884863132,22.767854788913017
4,0.9086551501208331,17.014139278993294
5,0.004610396479568291,48.59224794095042
6,0.259092972754847,30.207766192448393
7,0.8437736575109608,18.824003360063717
8,0.38044857301513735,27.55989589629641
9,0.34169457034907635,28.3449824895416
