,p-value,chi-square value
0,0.163317326821394,14.21710022950165
1,0.41723136761137947,10.268849438264558
2,0.769171776069191,6.5274930780594085
3,0.9946965274927771,2.1869041929422957
4,0.988806237118358,2.632187668841219
5,0.09961448516754245,16.000625886637867
6,0.15877332297584423,14.32272875309117
7,0.8879619700472958,5.047802291514476
8,0.6356558470903804,7.930190195331557
9,0.5153723438673805,9.177211228116779
